Date, Open, High, Low, Close, Settle Price, NO_CONTRACTS, Turnover(in lacs), OI
02-Jun-2017,9660.15,9672,9643.2,9652.6,9652.6,74161,537194.69,22149375
01-Jun-2017,9626,9644.95,9595.95,9630.1,9630.1,70094,505907.1,22195350
31-May-2017,9616.6,9641.7,9607.2,9626.05,9626.05,88163,636404.3,21872025
30-May-2017,9590.25,9633.35,9582.4,9619.85,9619.85,82581,595243.82,20798775
29-May-2017,9560,9639.85,9543.55,9605.7,9605.7,144402,1039071.94,20496450
26-May-2017,9490.1,9586.5,9475,9575.8,9575.8,122805,879150.59,18961125
25-May-2017,9402.5,9507,9387.35,9495.9,9495.9,169833,1203379.45,19102425
24-May-2017,9405.75,9442.65,9350,9373.15,9373.15,136316,960586.71,13931775
23-May-2017,9450,9470.25,9377.5,9395.15,9395.15,97790,690253.18,9409125
22-May-2017,9480,9494.1,9433,9447.25,9447.25,47774,338943.7,5516175
19-May-2017,9461.3,9513,9405,9450.65,9450.65,19421,137806.03,2706900
18-May-2017,9479.8,9505.1,9434.2,9441.9,9441.9,12920,91755.74,2287050
17-May-2017,9518.5,9536,9493.6,9532.85,9532.85,6618,47237.85,2051100
16-May-2017,9456,9529.85,9456,9520.75,9520.75,8135,57918.58,1909800
15-May-2017,9443.5,9457,9434.5,9452.4,9452.4,4041,28630.28,1708575
12-May-2017,9440.3,9440.3,9390,9415.35,9415.35,3716,26227.9,1608675
11-May-2017,9440,9458.25,9430,9438.55,9438.55,5217,36958.64,1566825
10-May-2017,9362,9421,9359,9416.45,9416.45,4561,32151.03,1431000
09-May-2017,9351.1,9367,9332,9349.3,9349.3,2244,15738.34,1313850
08-May-2017,9335.15,9360,9325.1,9341.65,9341.65,2450,17164.94,1286100
05-May-2017,9355.15,9355.15,9300.1,9317.55,9317.55,3073,21483.51,1286550
04-May-2017,9356,9382.5,9333.65,9376.85,9376.85,3559,24980.62,1266375
03-May-2017,9354.95,9359,9322,9336.65,9336.65,1926,13487.43,1231200
02-May-2017,9342,9365,9285,9335.9,9335.9,2853,19955.74,1195500
28-Apr-2017,9356,9360,9313,9330.9,9330.9,2288,16013.79,1168500
27-Apr-2017,9356.55,9375,9341,9355.6,9355.6,4108,28838.32,1097475
26-Apr-2017,9340,9376.2,9320.1,9361.65,9361.65,3300,23157.5,896925
25-Apr-2017,9282,9323.7,9265,9319.65,9319.65,3811,26581.07,771825
24-Apr-2017,9157.85,9260.9,9157.85,9252.15,9252.15,3359,23241.21,603150
21-Apr-2017,9200,9223.9,9123,9153.25,9153.25,1422,9776.54,497325
20-Apr-2017,9150,9195,9150,9189.85,9189.85,599,4121.42,460875
19-Apr-2017,9130,9178,9130,9162.45,9162.45,1039,7130.01,450600
18-Apr-2017,9210.35,9276,9148,9154.5,9154.5,1681,11620.16,440250
17-Apr-2017,9201.5,9218.9,9182.6,9200.75,9200.75,1665,11483.65,420300
13-Apr-2017,9244,9255,9216,9221.85,9221.85,745,5158.64,360000
12-Apr-2017,9287,9295,9210,9259,9259,1211,8403.33,354375
11-Apr-2017,9227.3,9307.25,9227.3,9300.95,9300.95,1334,9295.78,343575
10-Apr-2017,9235,9276.15,9234,9245.05,9245.05,447,3101.59,308775
07-Apr-2017,9261.15,9298.75,9239.55,9248.85,9248.85,742,5157.75,308700
06-Apr-2017,9280,9310.45,9265.45,9302.35,9302.35,2157,15016.88,288675
05-Apr-2017,9265,9324.6,9265,9318.7,9318.7,2120,14795.09,241500
03-Apr-2017,9232.35,9300,9230,9288.3,9288.3,2315,16086.43,249900
31-Mar-2017,9220,9246.25,9205,9225.55,9225.55,3934,27198.36,241725
